GAS_DATE,BENCHMARK_PRICE
01/01/2017,7.18
02/01/2017,8
03/01/2017,8
04/01/2017,8
05/01/2017,8
06/01/2017,8
07/01/2017,8.55
08/01/2017,8.55
09/01/2017,8.55
10/01/2017,8.55
11/01/2017,9.65
12/01/2017,9.65
13/01/2017,9.5
14/01/2017,11.98
15/01/2017,11.98
16/01/2017,11.98
17/01/2017,12.91
18/01/2017,13.6
19/01/2017,13.38
20/01/2017,13.38
21/01/2017,13.38
22/01/2017,12
23/01/2017,12
24/01/2017,12
25/01/2017,12
26/01/2017,12
27/01/2017,12
28/01/2017,12
29/01/2017,12
30/01/2017,12
31/01/2017,12
01/02/2017,12.7
02/02/2017,14.25
03/02/2017,14.14
04/02/2017,14.14
05/02/2017,14.14
06/02/2017,14.14
07/02/2017,14.14
08/02/2017,14.14
09/02/2017,14.69
10/02/2017,16
11/02/2017,15
12/02/2017,15
13/02/2017,15
14/02/2017,14.5
15/02/2017,14
16/02/2017,12.5
17/02/2017,12.5
18/02/2017,12.5
19/02/2017,12.5
20/02/2017,12.5
21/02/2017,12
22/02/2017,12
23/02/2017,12
24/02/2017,10.35
25/02/2017,10.35
26/02/2017,10.35
27/02/2017,10
28/02/2017,8.41
01/03/2017,9
02/03/2017,9.05
03/03/2017,9.51
04/03/2017,9.51
05/03/2017,8.82
06/03/2017,8.82
07/03/2017,9.55
08/03/2017,9.26
09/03/2017,9.26
10/03/2017,7.95
11/03/2017,7.95
12/03/2017,7.95
13/03/2017,7.9
14/03/2017,7.9
15/03/2017,8.14
16/03/2017,7.6
17/03/2017,7.5
18/03/2017,7.5
19/03/2017,7.5
20/03/2017,7.5
21/03/2017,8.65
22/03/2017,7.3
23/03/2017,7.3
24/03/2017,9.19
25/03/2017,9.19
26/03/2017,8.5
27/03/2017,8.9
28/03/2017,8.9
29/03/2017,8.9
30/03/2017,8.9
31/03/2017,8.9
01/04/2017,8.9
02/04/2017,8.9
03/04/2017,8.9
04/04/2017,8.9
05/04/2017,8.9
06/04/2017,8.9
07/04/2017,8.9
08/04/2017,8.9
09/04/2017,8.9
10/04/2017,8.9
11/04/2017,8.9
12/04/2017,8.9
13/04/2017,8.9
14/04/2017,8.9
15/04/2017,8.9
16/04/2017,8.9
17/04/2017,8.9
18/04/2017,8.9
19/04/2017,8.9
20/04/2017,8.9
21/04/2017,8.9
22/04/2017,8.5
23/04/2017,8.5
24/04/2017,5
25/04/2017,8
26/04/2017,8
27/04/2017,8.5
28/04/2017,8.5
29/04/2017,8.5
30/04/2017,8.5
01/05/2017,8.25
02/05/2017,8.25
03/05/2017,8.25
04/05/2017,8.25
05/05/2017,8.25
06/05/2017,8.25
07/05/2017,8.25
08/05/2017,8.2
09/05/2017,8.45
10/05/2017,8.55
11/05/2017,8.55
12/05/2017,8.55
13/05/2017,8.55
14/05/2017,9
15/05/2017,9
16/05/2017,9
17/05/2017,9
18/05/2017,9
19/05/2017,9
20/05/2017,9
21/05/2017,9
22/05/2017,9
23/05/2017,9
24/05/2017,9
25/05/2017,9
26/05/2017,9
27/05/2017,9
28/05/2017,9
29/05/2017,7.5
30/05/2017,7.5
31/05/2017,7.5
01/06/2017,7.5
02/06/2017,7.5
03/06/2017,7.5
04/06/2017,7.5
05/06/2017,8
06/06/2017,8
07/06/2017,8
08/06/2017,8
09/06/2017,8
10/06/2017,8
11/06/2017,8
12/06/2017,8
13/06/2017,8
14/06/2017,8
15/06/2017,8
16/06/2017,8
17/06/2017,8
18/06/2017,7.63
19/06/2017,7.63
20/06/2017,7.63
21/06/2017,7.63
22/06/2017,7.63
23/06/2017,7.63
24/06/2017,7.63
25/06/2017,7.63
26/06/2017,7.63
27/06/2017,7.63
28/06/2017,7.63
29/06/2017,7.7
30/06/2017,7.7
01/07/2017,7.7
02/07/2017,7.7
03/07/2017,7.7
04/07/2017,7.7
05/07/2017,7.7
06/07/2017,7.7
07/07/2017,7.7
08/07/2017,7.7
09/07/2017,7.7
10/07/2017,7.7
11/07/2017,7.7
12/07/2017,7.7
13/07/2017,7.7
14/07/2017,7.7
15/07/2017,7.7
16/07/2017,7.7
17/07/2017,7.7
18/07/2017,7.7
19/07/2017,7.7
20/07/2017,7.7
21/07/2017,7.7
22/07/2017,7.5
23/07/2017,7.5
24/07/2017,7.5
25/07/2017,7.5
26/07/2017,7.5
27/07/2017,7.5
28/07/2017,7.5
29/07/2017,7.5
30/07/2017,7.5
31/07/2017,7.5
01/08/2017,7.5
02/08/2017,7.5
03/08/2017,7.5
04/08/2017,7.5
05/08/2017,7.5
06/08/2017,7.5
07/08/2017,7.5
08/08/2017,7.5
09/08/2017,7.5
10/08/2017,7.5
11/08/2017,7.5
12/08/2017,7.5
13/08/2017,7.5
14/08/2017,7.5
15/08/2017,7.5
16/08/2017,7.5
17/08/2017,7.5
18/08/2017,7.5
19/08/2017,7.5
20/08/2017,7.5
21/08/2017,7.5
22/08/2017,7.5
23/08/2017,7.5
24/08/2017,7.5
25/08/2017,7.5
26/08/2017,7.5
27/08/2017,7.5
28/08/2017,7.5
29/08/2017,7.5
30/08/2017,7.5
31/08/2017,7.5
01/09/2017,7.5
02/09/2017,7.5
03/09/2017,7.5
04/09/2017,7.5
05/09/2017,7.5
06/09/2017,7.5
07/09/2017,7.5
08/09/2017,7.5
09/09/2017,7.5
10/09/2017,7.5
11/09/2017,7.5
12/09/2017,7.5
13/09/2017,7.5
14/09/2017,7.5
15/09/2017,7.5
16/09/2017,7.5
17/09/2017,7.5
18/09/2017,7.5
19/09/2017,7.5
20/09/2017,7.5
21/09/2017,7.5
22/09/2017,7.5
23/09/2017,7.5
24/09/2017,7.5
25/09/2017,7.5
26/09/2017,7.4
27/09/2017,7.4
28/09/2017,7.2
29/09/2017,7.2
30/09/2017,6.85
01/10/2017,6.85
02/10/2017,6.85
03/10/2017,6.85
04/10/2017,6.85
05/10/2017,6.85
06/10/2017,6.85
07/10/2017,6.85
08/10/2017,6.85
09/10/2017,6.85
10/10/2017,6.85
11/10/2017,6.85
12/10/2017,6.85
13/10/2017,6.85
14/10/2017,6.85
15/10/2017,7
16/10/2017,7
17/10/2017,6.85
18/10/2017,6.65
19/10/2017,6.5
20/10/2017,6.5
21/10/2017,6.5
22/10/2017,6.5
23/10/2017,6.5
24/10/2017,6.77
25/10/2017,6.77
26/10/2017,6.77
27/10/2017,6.77
28/10/2017,6.77
29/10/2017,5.75
30/10/2017,5.75
31/10/2017,5.75
01/11/2017,5.75
02/11/2017,5.75
03/11/2017,6
04/11/2017,6
05/11/2017,6
06/11/2017,6.8
07/11/2017,6.8
08/11/2017,6.8
09/11/2017,6.8
10/11/2017,6.8
11/11/2017,7.05
12/11/2017,7.05
13/11/2017,7.05
14/11/2017,7.05
15/11/2017,7.05
16/11/2017,7.05
17/11/2017,7.05
18/11/2017,7.05
19/11/2017,7.05
20/11/2017,7.05
21/11/2017,7.05
22/11/2017,7.05
23/11/2017,7.05
24/11/2017,7.05
25/11/2017,7.05
26/11/2017,7.05
27/11/2017,7.05
28/11/2017,7.05
29/11/2017,7.5
30/11/2017,7.5
01/12/2017,7.5
02/12/2017,7.5
03/12/2017,7.5
04/12/2017,7.5
05/12/2017,7.6
06/12/2017,7.6
07/12/2017,7.6
08/12/2017,7.6
09/12/2017,7.6
10/12/2017,7.6
11/12/2017,7.6
12/12/2017,7.6
13/12/2017,7.6
14/12/2017,7.6
15/12/2017,7.6
16/12/2017,7.6
17/12/2017,7.6
18/12/2017,7.6
19/12/2017,7.6
20/12/2017,7.6
21/12/2017,7.6
22/12/2017,7.6
23/12/2017,7.6
24/12/2017,7.6
25/12/2017,7.6
26/12/2017,7.6
27/12/2017,7.6
28/12/2017,7.6
29/12/2017,7.6
30/12/2017,7.9
31/12/2017,7.9
01/01/2018,7.9
02/01/2018,7.9
03/01/2018,7.9
04/01/2018,8.25
05/01/2018,8.25
06/01/2018,8.25
07/01/2018,8.25
08/01/2018,8.25
09/01/2018,8.25
10/01/2018,8.25
11/01/2018,8.3
12/01/2018,8.75
13/01/2018,9.31
14/01/2018,9.31
15/01/2018,9.31
16/01/2018,9.31
17/01/2018,9.31
18/01/2018,9.31
19/01/2018,9.31
20/01/2018,8.71
21/01/2018,8.71
22/01/2018,8.7
23/01/2018,8.7
24/01/2018,8.7
25/01/2018,8.7
26/01/2018,8.7
27/01/2018,8.7
28/01/2018,8.7
29/01/2018,8.7
30/01/2018,8.7
31/01/2018,8.7
01/02/2018,8.7
02/02/2018,8.7
03/02/2018,8.7
04/02/2018,8.7
05/02/2018,8.7
06/02/2018,8.7
07/02/2018,8.7
08/02/2018,8.7
09/02/2018,8.7
10/02/2018,8.7
11/02/2018,8.7
12/02/2018,8.7
13/02/2018,8.7
14/02/2018,8.7
15/02/2018,8.7
16/02/2018,8.7
17/02/2018,8.7
18/02/2018,8.7
19/02/2018,8.65
20/02/2018,8
21/02/2018,8
22/02/2018,8
23/02/2018,8
24/02/2018,8
25/02/2018,8
26/02/2018,8
27/02/2018,8
28/02/2018,8
01/03/2018,8
02/03/2018,8
03/03/2018,8
04/03/2018,8
05/03/2018,8
06/03/2018,8
07/03/2018,8
08/03/2018,8
09/03/2018,8
10/03/2018,8
11/03/2018,7.5
12/03/2018,7.5
13/03/2018,7.5
14/03/2018,7.5
15/03/2018,7.5
16/03/2018,7.5
17/03/2018,7.5
18/03/2018,7.5
19/03/2018,7.5
20/03/2018,7.5
21/03/2018,7.5
22/03/2018,7.5
23/03/2018,7.5
24/03/2018,7.5
25/03/2018,7.5
26/03/2018,7.5
27/03/2018,7.5
28/03/2018,7.5
29/03/2018,7.5
30/03/2018,7.5
31/03/2018,7.5
01/04/2018,7.5
02/04/2018,7.5
03/04/2018,7.5
04/04/2018,7.5
05/04/2018,7.5
06/04/2018,7.5
07/04/2018,7.5
08/04/2018,7.5
09/04/2018,7.5
10/04/2018,7.5
11/04/2018,7.5
12/04/2018,7.5
13/04/2018,7.5
14/04/2018,7.5
15/04/2018,7.5
16/04/2018,7.5
17/04/2018,7.5
18/04/2018,7.5
19/04/2018,7.5
20/04/2018,7.5
21/04/2018,7.5
22/04/2018,7.5
23/04/2018,7.5
24/04/2018,7.5
25/04/2018,7.5
26/04/2018,7.5
27/04/2018,7.5
28/04/2018,7.5
29/04/2018,7.5
30/04/2018,7.5
01/05/2018,7.5
02/05/2018,7.5
03/05/2018,7.5
04/05/2018,7.5
05/05/2018,7.85
06/05/2018,7.85
07/05/2018,7.85
08/05/2018,7.85
09/05/2018,7.85
10/05/2018,7.85
11/05/2018,7.85
12/05/2018,7.85
13/05/2018,7.85
14/05/2018,7.85
15/05/2018,7.85
16/05/2018,8.1
17/05/2018,8.1
18/05/2018,8.1
19/05/2018,8.1
20/05/2018,8.1
21/05/2018,8.1
22/05/2018,8.1
23/05/2018,8.1
24/05/2018,8.1
25/05/2018,8.1
26/05/2018,8.1
27/05/2018,8.1
28/05/2018,8.1
29/05/2018,8.1
30/05/2018,8.1
31/05/2018,8.1
01/06/2018,8.2
02/06/2018,8.2
03/06/2018,8.2
04/06/2018,8.2
05/06/2018,8.2
06/06/2018,8.7
07/06/2018,8.7
08/06/2018,8.7
09/06/2018,8.8
10/06/2018,8.8
11/06/2018,9.2
12/06/2018,9.2
13/06/2018,9.2
14/06/2018,9.2
15/06/2018,9.2
16/06/2018,9.2
17/06/2018,9.2
18/06/2018,9.2
19/06/2018,9.2
20/06/2018,9.2
21/06/2018,9.6
22/06/2018,9.6
23/06/2018,9.6
24/06/2018,9.6
25/06/2018,9.6
26/06/2018,10.25
27/06/2018,10.25
28/06/2018,10.25
29/06/2018,10.9
30/06/2018,10.9
01/07/2018,10.9
02/07/2018,10.9
03/07/2018,10.9
04/07/2018,10.46
05/07/2018,10.46
06/07/2018,10.46
07/07/2018,10.46
08/07/2018,10.46
09/07/2018,10.46
10/07/2018,10.46
11/07/2018,10.46
12/07/2018,10.46
13/07/2018,10.46
14/07/2018,10.46
15/07/2018,10
16/07/2018,10
17/07/2018,10
18/07/2018,10
19/07/2018,10
20/07/2018,9.95
21/07/2018,9.95
22/07/2018,9.95
23/07/2018,9.95
24/07/2018,9.95
25/07/2018,9.95
26/07/2018,9.95
27/07/2018,9.95
28/07/2018,9.95
29/07/2018,9.95
30/07/2018,9.95
31/07/2018,9.95
01/08/2018,9.95
02/08/2018,9.95
03/08/2018,9.55
04/08/2018,9.55
05/08/2018,9.55
06/08/2018,9.55
07/08/2018,9.55
08/08/2018,9.55
09/08/2018,9.55
10/08/2018,9.55
11/08/2018,9.5
12/08/2018,9.5
13/08/2018,9.5
14/08/2018,9.5
15/08/2018,9.5
16/08/2018,9.5
17/08/2018,9.5
18/08/2018,9.5
19/08/2018,9.5
20/08/2018,9.5
21/08/2018,9.5
22/08/2018,9.5
23/08/2018,9.5
24/08/2018,9.5
25/08/2018,9.5
26/08/2018,9.5
27/08/2018,9.5
28/08/2018,9.5
29/08/2018,9.5
30/08/2018,9.5
31/08/2018,9.5
01/09/2018,9.5
02/09/2018,9.5
03/09/2018,9.5
04/09/2018,9.7
05/09/2018,9.7
06/09/2018,9.7
07/09/2018,9.7
08/09/2018,9.7
09/09/2018,9.7
10/09/2018,9.7
11/09/2018,9.7
12/09/2018,9.7
13/09/2018,9.2
14/09/2018,9.2
15/09/2018,9.2
16/09/2018,9.2
17/09/2018,9.24
18/09/2018,9.24
19/09/2018,9.24
20/09/2018,9.24
21/09/2018,9.24
22/09/2018,9.24
23/09/2018,9.24
24/09/2018,9.24
25/09/2018,9.24
26/09/2018,9.05
27/09/2018,9.05
28/09/2018,9.05
29/09/2018,9.05
30/09/2018,9.05
01/10/2018,9.05
02/10/2018,9.05
03/10/2018,9.05
04/10/2018,9.05
05/10/2018,9.05
06/10/2018,9.05
07/10/2018,9.05
08/10/2018,9.05
09/10/2018,9.05
10/10/2018,9.05
11/10/2018,9.05
12/10/2018,9.05
13/10/2018,9.05
14/10/2018,9.05
15/10/2018,9.05
16/10/2018,9.05
17/10/2018,9.05
18/10/2018,9.05
19/10/2018,9.05
20/10/2018,9.05
21/10/2018,9.05
22/10/2018,9.05
23/10/2018,9.45
24/10/2018,9.45
25/10/2018,9.45
26/10/2018,9.45
27/10/2018,9.45
28/10/2018,9.45
29/10/2018,9.45
30/10/2018,9.5
31/10/2018,9.5
01/11/2018,9.5
02/11/2018,9.5
03/11/2018,9.5
04/11/2018,9.5
05/11/2018,9.5
06/11/2018,9.5
07/11/2018,9.5
08/11/2018,9.5
09/11/2018,9.5
10/11/2018,9.5
11/11/2018,9.5
12/11/2018,9.5
13/11/2018,9.5
14/11/2018,9.5
15/11/2018,9.5
16/11/2018,9.5
17/11/2018,9.5
18/11/2018,9.5
19/11/2018,9.5
20/11/2018,9.5
21/11/2018,9.55
22/11/2018,9.55
23/11/2018,9.75
24/11/2018,9.75
25/11/2018,9.75
26/11/2018,9.75
27/11/2018,9.75
28/11/2018,9.75
29/11/2018,9.75
30/11/2018,9.75
01/12/2018,9.75
02/12/2018,9.75
03/12/2018,9.75
04/12/2018,9.75
05/12/2018,9.75
06/12/2018,9.75
07/12/2018,9.75
08/12/2018,9.75
09/12/2018,9.75
10/12/2018,9.75
11/12/2018,9.75
12/12/2018,9.75
13/12/2018,10.38
14/12/2018,10.38
15/12/2018,10.38
16/12/2018,10.25
17/12/2018,10.25
18/12/2018,10.25
19/12/2018,10.25
20/12/2018,10.25
21/12/2018,10.25
22/12/2018,10.25
23/12/2018,10.25
24/12/2018,10.25
25/12/2018,10.25
26/12/2018,10.25
27/12/2018,10.25
28/12/2018,10.25
29/12/2018,10.25
30/12/2018,10.25
31/12/2018,10.25
01/01/2019,10.25
02/01/2019,10.25
03/01/2019,10.25
04/01/2019,10.25
05/01/2019,10.25
06/01/2019,10.25
07/01/2019,10.25
08/01/2019,9.69
09/01/2019,9.69
10/01/2019,9.69
11/01/2019,9.69
12/01/2019,9.69
13/01/2019,9.69
14/01/2019,9.73
15/01/2019,9.73
16/01/2019,9.73
17/01/2019,9.73
18/01/2019,10.4
19/01/2019,10.4
20/01/2019,10.4
21/01/2019,10.4
22/01/2019,10.4
23/01/2019,10.4
24/01/2019,10.4
25/01/2019,10.4
26/01/2019,10.4
27/01/2019,10.4
28/01/2019,9.6
29/01/2019,9.17
30/01/2019,9.26
31/01/2019,9.26
01/02/2019,9.26
02/02/2019,9.26
03/02/2019,9.26
04/02/2019,9.26
05/02/2019,9.26
06/02/2019,9.26
07/02/2019,9.26
08/02/2019,9.45
09/02/2019,9.35
10/02/2019,9.35
11/02/2019,9.35
12/02/2019,9.35
13/02/2019,9.35
14/02/2019,9.25
15/02/2019,8.75
16/02/2019,8.75
17/02/2019,8.75
18/02/2019,8.75
19/02/2019,9.4
20/02/2019,9.1
21/02/2019,9.1
22/02/2019,9.1
23/02/2019,9.1
24/02/2019,9.1
25/02/2019,9.1
26/02/2019,9.28
27/02/2019,9.28
28/02/2019,9.28
01/03/2019,9.28
02/03/2019,9.28
03/03/2019,9.28
04/03/2019,8.25
05/03/2019,8.75
06/03/2019,8.75
07/03/2019,8.75
08/03/2019,8.75
09/03/2019,8.75
10/03/2019,8.75
11/03/2019,8.75
12/03/2019,8.75
13/03/2019,8.75
14/03/2019,8.75
15/03/2019,8.75
16/03/2019,9
17/03/2019,9
18/03/2019,9
19/03/2019,9
20/03/2019,9
21/03/2019,9
22/03/2019,9
23/03/2019,9
24/03/2019,9
25/03/2019,9
26/03/2019,9.3
27/03/2019,9.3
28/03/2019,9.3
29/03/2019,9.3
30/03/2019,9.3
31/03/2019,9.3
01/04/2019,9.3
02/04/2019,9.3
03/04/2019,9.3
04/04/2019,9.3
05/04/2019,9.85
06/04/2019,9.5
07/04/2019,9.3
08/04/2019,9.46
09/04/2019,9.46
10/04/2019,9.46
11/04/2019,9.31
12/04/2019,9.31
13/04/2019,9.35
14/04/2019,9.35
15/04/2019,9.35
16/04/2019,9.35
17/04/2019,9.35
18/04/2019,9.2
19/04/2019,9.2
20/04/2019,9.2
21/04/2019,9.2
22/04/2019,9.2
23/04/2019,9.2
24/04/2019,9.2
25/04/2019,9.2
26/04/2019,9.2
27/04/2019,9.2
28/04/2019,9.2
29/04/2019,9.2
30/04/2019,9.2
01/05/2019,9.2
02/05/2019,9.2
03/05/2019,9.2
04/05/2019,9.2
05/05/2019,7.8
06/05/2019,7.8
07/05/2019,7.8
08/05/2019,7.8
09/05/2019,7.8
10/05/2019,8.25
11/05/2019,8.25
12/05/2019,8.25
13/05/2019,8.25
14/05/2019,8.25
15/05/2019,8.25
16/05/2019,8.25
17/05/2019,8.25
18/05/2019,8.25
19/05/2019,8.25
20/05/2019,8.25
21/05/2019,8.25
22/05/2019,8.25
23/05/2019,8.25
24/05/2019,8.2
25/05/2019,8.2
26/05/2019,8.2
27/05/2019,8.2
28/05/2019,8.2
29/05/2019,8.4
30/05/2019,8.4
31/05/2019,8.4
01/06/2019,8.4
02/06/2019,8.4
03/06/2019,8.2
04/06/2019,8.2
05/06/2019,8.97
06/06/2019,9.42
07/06/2019,9.25
08/06/2019,9.25
09/06/2019,9
10/06/2019,9
11/06/2019,9
12/06/2019,9
13/06/2019,8.8
14/06/2019,8.8
15/06/2019,8.8
16/06/2019,8.8
17/06/2019,8.8
18/06/2019,8.8
19/06/2019,8.25
20/06/2019,8.25
21/06/2019,8.25
22/06/2019,8.6
23/06/2019,8.6
24/06/2019,8.6
25/06/2019,8.6
26/06/2019,8.5
27/06/2019,8.5
28/06/2019,8.5
29/06/2019,8.2
30/06/2019,8.1
01/07/2019,8.1
02/07/2019,8.1
03/07/2019,8.1
04/07/2019,7.8
05/07/2019,7.8
06/07/2019,7.8
07/07/2019,7.8
08/07/2019,7.8
09/07/2019,7.8
10/07/2019,7.8
11/07/2019,7.7
12/07/2019,7.5
13/07/2019,7.5
14/07/2019,7.5
15/07/2019,7.35
16/07/2019,7.35
17/07/2019,7.2
18/07/2019,7.2
19/07/2019,7.3
20/07/2019,7.3
21/07/2019,7.3
22/07/2019,7.3
23/07/2019,7.3
24/07/2019,7.3
25/07/2019,7.2
26/07/2019,7.2
27/07/2019,7.2
28/07/2019,7.2
29/07/2019,7.2
30/07/2019,7.2
31/07/2019,7.2
01/08/2019,7.2
02/08/2019,7.12
03/08/2019,6.8
04/08/2019,6.8
05/08/2019,6.8
06/08/2019,6.8
07/08/2019,6.8
08/08/2019,6.8
09/08/2019,6.8
10/08/2019,6.84
11/08/2019,6.84
12/08/2019,6.89
13/08/2019,6.89
14/08/2019,6.89
15/08/2019,6.85
16/08/2019,6.77
17/08/2019,6.77
18/08/2019,6.7
19/08/2019,6.6
20/08/2019,6.5
21/08/2019,6.5
22/08/2019,6.5
23/08/2019,6.47
24/08/2019,6.45
25/08/2019,6.45
26/08/2019,6.45
27/08/2019,6.45
28/08/2019,6.44
29/08/2019,6.45
30/08/2019,6.69
31/08/2019,6.5
01/09/2019,6.6
02/09/2019,6.6
03/09/2019,6.67
04/09/2019,6.77
05/09/2019,6.82
06/09/2019,7
07/09/2019,6.77
08/09/2019,6.75
09/09/2019,6.75
10/09/2019,6.78
11/09/2019,6.8
12/09/2019,6.95
13/09/2019,6.9
14/09/2019,6.9
15/09/2019,6.9
16/09/2019,6.9
17/09/2019,6.85
18/09/2019,7.42
19/09/2019,7.6
20/09/2019,7.5
21/09/2019,7.5
22/09/2019,7.5
23/09/2019,7.5
24/09/2019,7.15
25/09/2019,7.15
26/09/2019,7.15
27/09/2019,7.38
28/09/2019,7.38
29/09/2019,7.38
30/09/2019,7.38
01/10/2019,7.65
02/10/2019,7.65
03/10/2019,7.65
04/10/2019,7.65
05/10/2019,7.65
06/10/2019,7.65
07/10/2019,7.65
08/10/2019,7.65
09/10/2019,7.53
10/10/2019,8.2
11/10/2019,8.19
12/10/2019,8.1
13/10/2019,7.99
14/10/2019,8.1
15/10/2019,8.05
16/10/2019,8.05
17/10/2019,8.08
18/10/2019,8.08
19/10/2019,8.08
20/10/2019,8.08
21/10/2019,8.08
22/10/2019,8.2
23/10/2019,8.2
24/10/2019,8.2
25/10/2019,8.2
26/10/2019,8.2
27/10/2019,8.2
28/10/2019,8.2
29/10/2019,8.11
30/10/2019,7.93
31/10/2019,7.93
01/11/2019,7.55
02/11/2019,7.4
03/11/2019,7.2
04/11/2019,7.2
05/11/2019,7.2
06/11/2019,7.2
07/11/2019,7.2
08/11/2019,7.2
09/11/2019,7.2
10/11/2019,7.2
11/11/2019,7.2
12/11/2019,7.2
13/11/2019,7.2
14/11/2019,7.2
15/11/2019,7.2
16/11/2019,7.2
17/11/2019,7.19
18/11/2019,7.2
19/11/2019,7.2
20/11/2019,7.2
21/11/2019,7.2
22/11/2019,7.2
23/11/2019,7.2
24/11/2019,7.2
25/11/2019,7.2
26/11/2019,7.2
27/11/2019,7.2
28/11/2019,7.2
29/11/2019,7.2
30/11/2019,7.2
01/12/2019,7.2
02/12/2019,7.2
03/12/2019,7.2
04/12/2019,7.2
05/12/2019,7.2
06/12/2019,7.13
07/12/2019,7.13
08/12/2019,7.13
09/12/2019,7.13
10/12/2019,7.13
11/12/2019,7.13
12/12/2019,7
13/12/2019,7
14/12/2019,7
15/12/2019,7
16/12/2019,7
17/12/2019,7
18/12/2019,7
19/12/2019,7
20/12/2019,7
21/12/2019,7
22/12/2019,7
23/12/2019,7
24/12/2019,7
25/12/2019,7
26/12/2019,7
27/12/2019,7
28/12/2019,7
29/12/2019,7
30/12/2019,7
31/12/2019,7
01/01/2020,7
02/01/2020,7
03/01/2020,7
04/01/2020,7
05/01/2020,7
06/01/2020,7
07/01/2020,7
08/01/2020,7
09/01/2020,7
10/01/2020,7
11/01/2020,7
12/01/2020,7
13/01/2020,7
14/01/2020,6.42
15/01/2020,6.42
16/01/2020,6.42
17/01/2020,6.31
18/01/2020,6.31
19/01/2020,6.31
20/01/2020,6.31
21/01/2020,6.31
22/01/2020,6.31
23/01/2020,6.31
24/01/2020,6.31
25/01/2020,6.31
26/01/2020,6.31
27/01/2020,6.31
28/01/2020,6.31
29/01/2020,6.31
30/01/2020,6.31
31/01/2020,6.31
01/02/2020,6.31
02/02/2020,6.31
03/02/2020,6.31
04/02/2020,6.31
05/02/2020,6.31
06/02/2020,6.31
07/02/2020,6.31
08/02/2020,6.31
09/02/2020,6.31
10/02/2020,6.31
11/02/2020,6.35
12/02/2020,6.35
13/02/2020,6.35
14/02/2020,6.35
15/02/2020,6.35
16/02/2020,6.35
17/02/2020,5.75
18/02/2020,5.75
19/02/2020,5.75
20/02/2020,5.75
21/02/2020,4.95
22/02/2020,4.95
23/02/2020,4.95
24/02/2020,4.95
25/02/2020,4.95
26/02/2020,4.95
27/02/2020,4.95
28/02/2020,4.95
29/02/2020,4.95
01/03/2020,4.95
02/03/2020,4.95
03/03/2020,4.45
04/03/2020,4.45
05/03/2020,4.77
06/03/2020,4.58
07/03/2020,4.58
08/03/2020,4.58
09/03/2020,4.58
10/03/2020,4.58
11/03/2020,4.58
12/03/2020,4.58
13/03/2020,4.58
14/03/2020,4.58
15/03/2020,4.58
16/03/2020,4.58
17/03/2020,4.5
18/03/2020,4.1
19/03/2020,4.1
20/03/2020,4.1
21/03/2020,4.1
22/03/2020,4.1
23/03/2020,4.1
24/03/2020,4.1
25/03/2020,4.1
26/03/2020,4.1
27/03/2020,4.1
28/03/2020,4.1
29/03/2020,4.1
30/03/2020,4.1
31/03/2020,4.1
01/04/2020,4.1
02/04/2020,4.1
03/04/2020,4.1
04/04/2020,4.1
05/04/2020,4.1
06/04/2020,5
07/04/2020,5
08/04/2020,4.85
09/04/2020,4.85
10/04/2020,4.85
11/04/2020,4.85
12/04/2020,4.85
13/04/2020,4.85
14/04/2020,4.85
15/04/2020,4.25
16/04/2020,4.25
17/04/2020,4.25
18/04/2020,4.25
19/04/2020,4.25
20/04/2020,4.25
21/04/2020,4.25
22/04/2020,4.25
23/04/2020,4.25
24/04/2020,4.25
25/04/2020,4.05
26/04/2020,4.05
27/04/2020,4.05
28/04/2020,4.05
29/04/2020,4.05
30/04/2020,4.1
01/05/2020,4.1
02/05/2020,4.1
03/05/2020,4.45
04/05/2020,4.45
05/05/2020,4.45
06/05/2020,4.1
07/05/2020,4.1
08/05/2020,4.1
09/05/2020,4.1
10/05/2020,4.1
11/05/2020,4.1
12/05/2020,4.1
13/05/2020,4.1
14/05/2020,4.1
15/05/2020,4.1
16/05/2020,3.6
17/05/2020,3.75
18/05/2020,3.95
19/05/2020,3.95
20/05/2020,3.95
21/05/2020,4.13
22/05/2020,4.13
23/05/2020,4.13
24/05/2020,3.95
25/05/2020,3.95
26/05/2020,3.95
27/05/2020,3.85
28/05/2020,3.85
29/05/2020,3.85
30/05/2020,3.85
31/05/2020,3.85
01/06/2020,3.85
02/06/2020,3.8
03/06/2020,3.8
04/06/2020,3.5
05/06/2020,3.5
06/06/2020,3.5
07/06/2020,3.5
08/06/2020,3.5
09/06/2020,3.5
10/06/2020,3.5
11/06/2020,3.5
12/06/2020,3.5
13/06/2020,3.5
14/06/2020,3.5
15/06/2020,3.5
16/06/2020,3.5
17/06/2020,3.5
18/06/2020,3.5
19/06/2020,3.5
20/06/2020,3.5
21/06/2020,3.5
22/06/2020,3.5
23/06/2020,3.5
24/06/2020,3.5
25/06/2020,3.5
26/06/2020,3.5
27/06/2020,3.5
28/06/2020,3.5
29/06/2020,3.5
30/06/2020,3.5
01/07/2020,3.5
02/07/2020,3.5
03/07/2020,3.1
04/07/2020,3.1
05/07/2020,3.2
06/07/2020,3.2
07/07/2020,3.2
08/07/2020,3.2
09/07/2020,3.25
10/07/2020,3.25
11/07/2020,3.25
12/07/2020,3.25
13/07/2020,3.56
14/07/2020,3.56
15/07/2020,3.56
16/07/2020,3.75
17/07/2020,4.2
18/07/2020,3.9
19/07/2020,3.9
20/07/2020,3.9
21/07/2020,3.89
22/07/2020,3.89
23/07/2020,3.89
24/07/2020,3.89
25/07/2020,3.8
26/07/2020,3.9
27/07/2020,4
28/07/2020,4
29/07/2020,4
30/07/2020,3.6
31/07/2020,3.6
01/08/2020,3.6
02/08/2020,3.6
03/08/2020,3.6
04/08/2020,3.5
05/08/2020,3.65
06/08/2020,3.65
07/08/2020,3.65
08/08/2020,3.4
09/08/2020,3.4
10/08/2020,3.4
11/08/2020,3.4
12/08/2020,3.6
13/08/2020,3.6
14/08/2020,3.8
15/08/2020,3.8
16/08/2020,3.8
17/08/2020,3.6
18/08/2020,3.6
19/08/2020,3.6
20/08/2020,3.6
21/08/2020,4.33
22/08/2020,4.33
23/08/2020,4.33
24/08/2020,5.07
25/08/2020,5
26/08/2020,5
27/08/2020,4.6
28/08/2020,4.6
29/08/2020,4.6
30/08/2020,4.6
31/08/2020,4.6
01/09/2020,4.6
02/09/2020,4.6
03/09/2020,4.6
04/09/2020,4.6
05/09/2020,4.6
06/09/2020,4.45
07/09/2020,4.2
08/09/2020,4.38
09/09/2020,4.5
10/09/2020,4.28
11/09/2020,4.21
12/09/2020,4.21
13/09/2020,4.21
14/09/2020,4.21
15/09/2020,4.2
16/09/2020,4.2
17/09/2020,4.2
18/09/2020,4.13
19/09/2020,4.3
20/09/2020,4.3
21/09/2020,4.3
22/09/2020,4.3
23/09/2020,4.3
24/09/2020,4.75
25/09/2020,4.75
26/09/2020,4.88
27/09/2020,4.88
28/09/2020,4.88
29/09/2020,4.91
30/09/2020,4.76
01/10/2020,4.76
02/10/2020,4.76
03/10/2020,4.98
04/10/2020,4.98
05/10/2020,4.98
06/10/2020,4.98
07/10/2020,5.1
08/10/2020,5.1
09/10/2020,5.1
10/10/2020,5.5
11/10/2020,5.5
12/10/2020,5.5
13/10/2020,5.5
14/10/2020,5.5
15/10/2020,5.5
16/10/2020,5.5
17/10/2020,5.5
18/10/2020,5.5
19/10/2020,5.5
20/10/2020,5.5
21/10/2020,5.5
22/10/2020,5.5
23/10/2020,5.5
24/10/2020,5.5
25/10/2020,5.5
26/10/2020,5.5
27/10/2020,5.5
28/10/2020,5.5
29/10/2020,5.5
30/10/2020,5.5
31/10/2020,5.5
01/11/2020,4.95
02/11/2020,5.4
03/11/2020,5.4
04/11/2020,5.4
05/11/2020,5.4
06/11/2020,5.4
07/11/2020,5.4
08/11/2020,6
09/11/2020,6
10/11/2020,5.9
11/11/2020,5.9
12/11/2020,5.9
13/11/2020,5.9
14/11/2020,5.9
15/11/2020,5.9
16/11/2020,5.9
17/11/2020,6
18/11/2020,6
19/11/2020,6.15
20/11/2020,6.15
21/11/2020,6.15
22/11/2020,6.15
23/11/2020,6.15
24/11/2020,6.15
25/11/2020,6.15
26/11/2020,6.15
27/11/2020,6.15
28/11/2020,6.15
29/11/2020,6.15
30/11/2020,6.15
01/12/2020,7.3
02/12/2020,7.3
03/12/2020,7.3
04/12/2020,7.1
05/12/2020,7.1
06/12/2020,7.1
07/12/2020,7.1
08/12/2020,7.1
09/12/2020,7.1
10/12/2020,7.1
11/12/2020,6.8
12/12/2020,6.8
13/12/2020,6.8
14/12/2020,6.8
15/12/2020,6.8
16/12/2020,7.1
17/12/2020,7.1
18/12/2020,7.1
19/12/2020,7.1
20/12/2020,7.1
21/12/2020,7.1
22/12/2020,7.1
23/12/2020,7.1
24/12/2020,7.1
25/12/2020,7.1
26/12/2020,7
27/12/2020,7
28/12/2020,7
29/12/2020,7
30/12/2020,7
31/12/2020,7
01/01/2021,7
02/01/2021,7
03/01/2021,7
04/01/2021,5.7
05/01/2021,5.7
06/01/2021,5.7
07/01/2021,5.7
08/01/2021,5.7
09/01/2021,5.7
10/01/2021,5.7
11/01/2021,5.7
12/01/2021,5.7
13/01/2021,5.7
14/01/2021,5.7
15/01/2021,6.1
16/01/2021,6.1
17/01/2021,6.1
18/01/2021,6.1
19/01/2021,7.5
20/01/2021,7.5
21/01/2021,7.5
22/01/2021,7.5
23/01/2021,7.5
24/01/2021,7.5
25/01/2021,7.05
26/01/2021,7.05
27/01/2021,7
28/01/2021,7
29/01/2021,7
30/01/2021,7
31/01/2021,7
01/02/2021,7
02/02/2021,6.38
03/02/2021,6.38
04/02/2021,6.38
05/02/2021,6.38
06/02/2021,6.38
07/02/2021,6.38
08/02/2021,6.38
09/02/2021,6.38
10/02/2021,6.5
11/02/2021,6.5
12/02/2021,6.5
13/02/2021,6.5
14/02/2021,5.85
15/02/2021,6.1
16/02/2021,6.1
17/02/2021,6.1
18/02/2021,6.1
19/02/2021,6.1
20/02/2021,6.1
21/02/2021,6.1
22/02/2021,6.1
23/02/2021,6.1
24/02/2021,6.1
25/02/2021,5.8
26/02/2021,5.8
27/02/2021,5.8
28/02/2021,5.8
01/03/2021,5.8
02/03/2021,5.8
03/03/2021,5.8
04/03/2021,5.8
05/03/2021,5.8
06/03/2021,5.8
07/03/2021,5.8
08/03/2021,5.8
09/03/2021,6
10/03/2021,6
11/03/2021,6
12/03/2021,6
13/03/2021,6.25
14/03/2021,6.25
15/03/2021,6.1
16/03/2021,6.1
17/03/2021,6.1
18/03/2021,6.1
19/03/2021,6.1
20/03/2021,6.1
21/03/2021,6.1
22/03/2021,6.1
23/03/2021,6
24/03/2021,6
25/03/2021,6
26/03/2021,6
27/03/2021,6.35
28/03/2021,6.45
29/03/2021,6.45
30/03/2021,6.45
31/03/2021,6.45
01/04/2021,6.45
02/04/2021,6.45
03/04/2021,6.45
04/04/2021,6.45
05/04/2021,6.45
06/04/2021,6.45
07/04/2021,6.45
08/04/2021,6.45
09/04/2021,6.45
10/04/2021,6.45
11/04/2021,6.45
12/04/2021,6.45
13/04/2021,6.45
14/04/2021,6.7
15/04/2021,6.7
16/04/2021,6.7
17/04/2021,6.7
18/04/2021,6.7
19/04/2021,6.85
20/04/2021,6.85
21/04/2021,6.85
22/04/2021,7.97
23/04/2021,7.97
24/04/2021,7.97
25/04/2021,7.97
26/04/2021,7.97
27/04/2021,7.8
28/04/2021,7.8
29/04/2021,7.8
30/04/2021,7.8
01/05/2021,7.8
02/05/2021,7.8
03/05/2021,7.8
04/05/2021,7.25
05/05/2021,7.25
06/05/2021,6.03
07/05/2021,6.03
08/05/2021,6.03
09/05/2021,5.8
10/05/2021,5.8
11/05/2021,5.8
12/05/2021,5.8
13/05/2021,7.5
14/05/2021,7.5
15/05/2021,7.5
16/05/2021,7.5
17/05/2021,7.5
18/05/2021,7.5
19/05/2021,7.5
20/05/2021,7.5
21/05/2021,7.5
22/05/2021,7.5
23/05/2021,7.5
24/05/2021,7.5
25/05/2021,7.5
26/05/2021,7.5
27/05/2021,7.8
28/05/2021,8.75
29/05/2021,8.75
30/05/2021,8.75
31/05/2021,8.75
01/06/2021,8.75
02/06/2021,8.75
03/06/2021,9
04/06/2021,9
05/06/2021,9
06/06/2021,9
07/06/2021,9
08/06/2021,10
09/06/2021,10.5
10/06/2021,10.5
11/06/2021,10.5
12/06/2021,10.5
13/06/2021,10.5
14/06/2021,10.5
15/06/2021,10.5
16/06/2021,10.5
17/06/2021,10.5
18/06/2021,10.5
19/06/2021,10.5
20/06/2021,11.5
21/06/2021,11.5
22/06/2021,11.5
23/06/2021,11.5
24/06/2021,11.5
25/06/2021,11.5
26/06/2021,10.5
27/06/2021,10.25
28/06/2021,10.25
29/06/2021,10.53
30/06/2021,10.8
01/07/2021,10.8
02/07/2021,10.8
03/07/2021,10.8
04/07/2021,12
05/07/2021,13.75
06/07/2021,13.75
07/07/2021,13.75
08/07/2021,13.75
09/07/2021,19.5
10/07/2021,18.14
11/07/2021,18.14
12/07/2021,17.67
13/07/2021,17.67
14/07/2021,13
15/07/2021,13
16/07/2021,13
17/07/2021,13
18/07/2021,13
19/07/2021,13
20/07/2021,14.5
21/07/2021,15.3
22/07/2021,15.3
23/07/2021,15.66
24/07/2021,15.66
25/07/2021,15.66
26/07/2021,15.66
27/07/2021,15.66
28/07/2021,15.66
29/07/2021,15.66
30/07/2021,15.66
31/07/2021,9
01/08/2021,9
02/08/2021,8.9
03/08/2021,8.9
04/08/2021,8.9
05/08/2021,8.9
06/08/2021,8.9
07/08/2021,8.9
08/08/2021,8.9
09/08/2021,8.9
10/08/2021,8.9
11/08/2021,8.9
12/08/2021,8.9
13/08/2021,8.9
14/08/2021,8.9
15/08/2021,8.58
16/08/2021,8.58
17/08/2021,8.58
18/08/2021,8.58
19/08/2021,8.58
20/08/2021,8.58
21/08/2021,8.58
22/08/2021,8.58
23/08/2021,8.58
24/08/2021,8.58
25/08/2021,7.6
26/08/2021,8.3
27/08/2021,8.3
28/08/2021,8.58
29/08/2021,8.58
30/08/2021,8.58
31/08/2021,8.58
01/09/2021,8.3
02/09/2021,8.3
03/09/2021,8.3
04/09/2021,8.3
05/09/2021,8.3
06/09/2021,8.3
07/09/2021,8.3
08/09/2021,8.3
09/09/2021,8.3
10/09/2021,8.3
11/09/2021,8.3
12/09/2021,8.3
13/09/2021,8.3
14/09/2021,8.3
15/09/2021,8.3
16/09/2021,8.3
17/09/2021,8.3
18/09/2021,8.3
19/09/2021,8.3
20/09/2021,8.3
21/09/2021,8.3
22/09/2021,8.3
23/09/2021,8.3
24/09/2021,8.3
25/09/2021,8.3
26/09/2021,8.3
27/09/2021,8.3
28/09/2021,8.3
29/09/2021,8.03
30/09/2021,8.03
01/10/2021,8.03
02/10/2021,8.03
03/10/2021,8.03
04/10/2021,8.03
05/10/2021,8.03
06/10/2021,7.4
07/10/2021,7.4
08/10/2021,7.4
09/10/2021,7.4
10/10/2021,7.4
11/10/2021,7.4
12/10/2021,7.6
13/10/2021,7.6
14/10/2021,8.25
15/10/2021,8.21
16/10/2021,8.4
17/10/2021,8.4
18/10/2021,8.6
19/10/2021,8.55
20/10/2021,8.55
21/10/2021,8.85
22/10/2021,8.85
23/10/2021,9.1
24/10/2021,9.1
25/10/2021,9.3
26/10/2021,8.92
27/10/2021,8.5
28/10/2021,8.5
29/10/2021,8.5
30/10/2021,8.8
31/10/2021,9.5
01/11/2021,9.15
02/11/2021,9.2
03/11/2021,9.2
04/11/2021,10
05/11/2021,10
06/11/2021,10.5
07/11/2021,10.5
08/11/2021,10.5
09/11/2021,10.8
10/11/2021,11.5
11/11/2021,11.92
12/11/2021,11.92
13/11/2021,11.92
14/11/2021,11.92
15/11/2021,11.92
16/11/2021,11.92
17/11/2021,11.92
18/11/2021,11.92
19/11/2021,11
20/11/2021,11
21/11/2021,11
22/11/2021,11
23/11/2021,11
24/11/2021,11
25/11/2021,11
26/11/2021,11
27/11/2021,12.5
28/11/2021,12.5
29/11/2021,12.5
30/11/2021,12.7
01/12/2021,12.7
02/12/2021,12
03/12/2021,12
04/12/2021,12
05/12/2021,11.1
06/12/2021,11
07/12/2021,11
08/12/2021,11.3
09/12/2021,12.5
10/12/2021,12.5
11/12/2021,12.5
12/12/2021,13.8
13/12/2021,14.3
14/12/2021,14.3
15/12/2021,14.75
16/12/2021,14.34
17/12/2021,13.95
18/12/2021,13.95
19/12/2021,13.95
20/12/2021,13.95
21/12/2021,13.95
22/12/2021,13.95
23/12/2021,10.5
24/12/2021,10.8
25/12/2021,10.8
26/12/2021,10.8
27/12/2021,10.8
28/12/2021,10.8
29/12/2021,10.5
30/12/2021,9.96
31/12/2021,9.96
01/01/2022,7.3
02/01/2022,7.3
03/01/2022,7.3
04/01/2022,7.3
05/01/2022,7.3
06/01/2022,8.19
07/01/2022,8.19
08/01/2022,8.19
09/01/2022,8.19
10/01/2022,8.19
11/01/2022,9
12/01/2022,9.4
13/01/2022,9.4
14/01/2022,9.95
15/01/2022,9.95
16/01/2022,9.8
17/01/2022,8.97
18/01/2022,8.97
19/01/2022,9.1
20/01/2022,8.5
21/01/2022,7.8
22/01/2022,7.8
23/01/2022,7.3
24/01/2022,7.5
25/01/2022,7.5
26/01/2022,11
27/01/2022,10.44
28/01/2022,10.44
29/01/2022,10.44
30/01/2022,10.44
31/01/2022,11.83
01/02/2022,11.83
02/02/2022,11.83
03/02/2022,11.5
04/02/2022,11.5
05/02/2022,11.5
06/02/2022,9.8
07/02/2022,9.1
08/02/2022,9.1
09/02/2022,9.1
10/02/2022,9.1
11/02/2022,9.1
12/02/2022,9.1
13/02/2022,9.8
14/02/2022,9.8
15/02/2022,9.8
16/02/2022,9.8
17/02/2022,9.8
18/02/2022,9.8
19/02/2022,10.03
20/02/2022,10.03
21/02/2022,10
22/02/2022,10.27
23/02/2022,10.27
24/02/2022,10.3
25/02/2022,10.3
26/02/2022,10.3
27/02/2022,9.18
28/02/2022,9.4
01/03/2022,9.56
02/03/2022,9.5
03/03/2022,9.5
04/03/2022,9.5
05/03/2022,9.26
06/03/2022,9.45
07/03/2022,9.31
08/03/2022,9.9
09/03/2022,10
10/03/2022,9.94
11/03/2022,9.94
12/03/2022,9.94
13/03/2022,10.29
14/03/2022,10.29
15/03/2022,10.65
16/03/2022,10.9
17/03/2022,11.5
18/03/2022,11.85
19/03/2022,10.8
20/03/2022,10.8
21/03/2022,10.8
22/03/2022,10.88
23/03/2022,10.84
24/03/2022,11.2
25/03/2022,11.2
26/03/2022,11.7
27/03/2022,11.8
28/03/2022,12.5
29/03/2022,12.5
30/03/2022,13.5
31/03/2022,13.5
01/04/2022,15
02/04/2022,15
03/04/2022,15
04/04/2022,15
05/04/2022,16
06/04/2022,16.5
07/04/2022,16.5
08/04/2022,19.67
09/04/2022,19.67
10/04/2022,18.5
11/04/2022,18.5
12/04/2022,18.5
13/04/2022,17
14/04/2022,17
15/04/2022,15.5
16/04/2022,14
17/04/2022,14
18/04/2022,13.6
19/04/2022,13.6
20/04/2022,13.6
21/04/2022,18.05
22/04/2022,16.5
23/04/2022,16.5
24/04/2022,17
25/04/2022,16.9
26/04/2022,16.85
27/04/2022,16.75
28/04/2022,16.75
29/04/2022,16.3
30/04/2022,16.6
01/05/2022,16.78
02/05/2022,17
03/05/2022,17.5
04/05/2022,17.5
05/05/2022,19.1
06/05/2022,20.25
07/05/2022,20.25
08/05/2022,20.25
09/05/2022,26
10/05/2022,26
11/05/2022,26
12/05/2022,31.25
13/05/2022,31.25
14/05/2022,31.25
15/05/2022,31.25
16/05/2022,31.25
17/05/2022,31.25
18/05/2022,31.25
19/05/2022,31.25
20/05/2022,31.25
21/05/2022,31.25
22/05/2022,35
23/05/2022,35
24/05/2022,35
25/05/2022,35
26/05/2022,35
27/05/2022,35
28/05/2022,35
29/05/2022,35
30/05/2022,35
31/05/2022,35
01/06/2022,39
02/06/2022,37.8
03/06/2022,38
04/06/2022,35
05/06/2022,35.56
06/06/2022,35.5
07/06/2022,35.5
08/06/2022,35.5
09/06/2022,35.5
10/06/2022,36.75
11/06/2022,36.75
12/06/2022,36.75
13/06/2022,36.17
14/06/2022,36.17
15/06/2022,32
16/06/2022,33.58
17/06/2022,34.5
18/06/2022,34.5
19/06/2022,34.5
20/06/2022,34.5
21/06/2022,40.2
22/06/2022,40.2
23/06/2022,40.2
24/06/2022,38
25/06/2022,38
26/06/2022,38
27/06/2022,38
28/06/2022,38
29/06/2022,40.5
30/06/2022,40.8
01/07/2022,41.28
02/07/2022,41.28
03/07/2022,41.28
04/07/2022,42
05/07/2022,43.5
06/07/2022,43.5
07/07/2022,43.5
08/07/2022,43.5
09/07/2022,42
10/07/2022,40
11/07/2022,40
12/07/2022,40.4
13/07/2022,41.87
14/07/2022,47.5
15/07/2022,50
16/07/2022,50
17/07/2022,50
18/07/2022,45.5
19/07/2022,46.96
20/07/2022,46.96
21/07/2022,42
22/07/2022,38.8
23/07/2022,38.8
24/07/2022,34
25/07/2022,37
26/07/2022,36.75
27/07/2022,35.5
28/07/2022,34
29/07/2022,29.5
30/07/2022,29.5
31/07/2022,29.5
01/08/2022,29.5
02/08/2022,18
03/08/2022,18
04/08/2022,18
05/08/2022,18
06/08/2022,12.01
07/08/2022,12.01
08/08/2022,16.83
09/08/2022,16.83
10/08/2022,16.83
11/08/2022,16.83
12/08/2022,16.83
13/08/2022,17.06
14/08/2022,17.06
15/08/2022,18.5
16/08/2022,18.5
17/08/2022,18.5
18/08/2022,18.5
19/08/2022,18.5
20/08/2022,17.7
21/08/2022,17.5
22/08/2022,17.5
23/08/2022,17.5
24/08/2022,17.5
25/08/2022,18.75
26/08/2022,19.6
27/08/2022,19.6
28/08/2022,14.5
29/08/2022,14.5
30/08/2022,14.5
31/08/2022,11.69
01/09/2022,11.69
02/09/2022,13.5
03/09/2022,13.5
04/09/2022,17.58
05/09/2022,17.58
06/09/2022,20.57
07/09/2022,21
08/09/2022,20.3
09/09/2022,20.3
10/09/2022,20.3
11/09/2022,19.75
12/09/2022,22
13/09/2022,22
14/09/2022,22.5
15/09/2022,23.19
16/09/2022,23.19
17/09/2022,24.68
18/09/2022,25
19/09/2022,25
20/09/2022,25
21/09/2022,25
22/09/2022,25
23/09/2022,22.98
24/09/2022,22.98
25/09/2022,20.5
26/09/2022,20.25
27/09/2022,19.25
28/09/2022,20.5
29/09/2022,19
30/09/2022,19
01/10/2022,19
02/10/2022,19
03/10/2022,19
04/10/2022,19
05/10/2022,19
06/10/2022,19
07/10/2022,19
08/10/2022,19
09/10/2022,19
10/10/2022,20.5
11/10/2022,20.5
12/10/2022,20.5
13/10/2022,20.5
14/10/2022,20.5
15/10/2022,20.5
16/10/2022,22.2
17/10/2022,21.93
18/10/2022,21.93
19/10/2022,20.5
20/10/2022,20.5
21/10/2022,15
22/10/2022,15
23/10/2022,14.75
24/10/2022,14.75
25/10/2022,14.75
26/10/2022,15.5
27/10/2022,21.83
28/10/2022,21.83
29/10/2022,18
30/10/2022,18
31/10/2022,18
01/11/2022,18
02/11/2022,22.5
03/11/2022,23
04/11/2022,23
05/11/2022,23
06/11/2022,23
07/11/2022,23
08/11/2022,11.5
09/11/2022,11.33
10/11/2022,11.3
11/11/2022,11.3
12/11/2022,11.3
13/11/2022,11.3
14/11/2022,14.95
15/11/2022,14.95
16/11/2022,14.95
17/11/2022,14.95
18/11/2022,14.95
19/11/2022,14.95
20/11/2022,14.95
21/11/2022,20.17
22/11/2022,23.2
23/11/2022,23.2
24/11/2022,23.2
25/11/2022,20.57
26/11/2022,20.57
27/11/2022,20.57
28/11/2022,24
29/11/2022,23
30/11/2022,23
01/12/2022,23
02/12/2022,23.2
03/12/2022,23.5
04/12/2022,23.5
05/12/2022,23.8
06/12/2022,23.8
07/12/2022,23.8
08/12/2022,21.65
09/12/2022,19.5
10/12/2022,19.5
11/12/2022,19.5
12/12/2022,19.5
13/12/2022,12.56
14/12/2022,13.16
15/12/2022,14
16/12/2022,14.03
17/12/2022,11.75
18/12/2022,10.41
19/12/2022,10.3
20/12/2022,10.34
21/12/2022,10.34
22/12/2022,10.34
23/12/2022,12
24/12/2022,12
25/12/2022,11.6
26/12/2022,11.6
27/12/2022,11.6
28/12/2022,11.6
29/12/2022,10.5
30/12/2022,10.18
31/12/2022,10
